{"_extras":{"blocks":[],"images":[]},"_generator":"LifterLMS\/SingleCourseExporter","_source":"https:\/\/coursemakerpro.local","_version":"5.7.0","access_plans":[{"_extras":{"blocks":[],"images":[]},"access_expiration":"lifetime","access_expires":"","access_length":0,"access_period":"","availability":"open","availability_restrictions":[],"checkout_redirect_forced":"no","checkout_redirect_page":0,"checkout_redirect_type":"self","checkout_redirect_url":"","comment_status":"closed","content":"","date":"2022-02-14 08:43:38","date_gmt":"2022-02-14 16:43:38","enroll_text":"","excerpt":"","frequency":0,"id":1043,"is_free":"yes","length":0,"menu_order":1,"modified":"2022-02-14 09:02:07","modified_gmt":"2022-02-14 17:02:07","name":"1043-2","on_sale":"no","password":"","period":"","ping_status":"closed","price":0,"product_id":670,"sale_end":"","sale_price":0,"sale_start":"","sku":"","status":"publish","title":"New Plan","trial_length":0,"trial_offer":"no","trial_period":"","trial_price":0,"type":"llms_access_plan"}],"audio_embed":"","author":1,"capacity":0,"capacity_message":"Enrollment has closed because the maximum number of allowed students has been reached.","categories":["Featured"],"comment_status":"open","content":"<!-- wp:paragraph {\"placeholder\":\"Add a short description of your course visible to all visitors...\"} -->\n<p>This is an example Course built to show how the LifterLMS system works.<\/p>\n<!-- \/wp:paragraph -->\n\n<!-- wp:llms\/course-information \/-->\n\n<!-- wp:llms\/instructors \/-->\n\n<!-- wp:llms\/pricing-table \/-->\n\n<!-- wp:llms\/course-progress \/-->\n\n<!-- wp:llms\/course-continue-button -->\n<div class=\"wp-block-llms-course-continue-button\" style=\"text-align:center\">[lifterlms_course_continue_button]<\/div>\n<!-- \/wp:llms\/course-continue-button -->\n\n<!-- wp:llms\/course-syllabus \/-->","content_restricted_message":"You must enroll in this course to access course content.","course_closed_message":"This course closed on [lifterlms_course_info id=\"670\" key=\"end_date\"].","course_opens_message":"This course opens on [lifterlms_course_info id=\"670\" key=\"start_date\"].","custom":{"inline_featured_image":["0"],"_llms_post_course_difficulty":[""],"_llms_reviews_enabled":[""],"_llms_display_reviews":[""],"_llms_num_reviews":[""],"_llms_multiple_reviews_disabled":[""],"_llms_blocks_migrated":["yes"],"_wp_old_slug":["personal-branding-sample-course"],"_thumbnail_id":["692"]},"date":"2019-10-01 16:30:38","date_gmt":"2019-10-01 23:30:38","difficulty":"","enable_capacity":"no","end_date":"","enrollment_closed_message":"Enrollment in this course closed on [lifterlms_course_info id=\"670\" key=\"enrollment_end_date\"].","enrollment_end_date":"","enrollment_opens_message":"Enrollment in this course opens on [lifterlms_course_info id=\"670\" key=\"enrollment_start_date\"].","enrollment_period":"no","enrollment_start_date":"","excerpt":"","featured_image":"https:\/\/coursemakerpro.local\/wp-content\/uploads\/2019\/10\/buildyourbrand_course_logo.png","has_prerequisite":"no","id":670,"instructors":[{"label":"Author","visibility":"visible","id":2,"name":"Rachel Gogos","description":"Serial entrepreneur and personal brand maven, Rachel Gogos has been working with entrepreneurs, authors, thought-leaders and professional athletes to uncover their essence and get it on the web for over a decade.","email":"rgogos@thebrandid.com","first_name":"Rachel","last_name":"Gogos"}],"length":"","menu_order":0,"modified":"2022-02-14 09:02:08","modified_gmt":"2022-02-14 17:02:08","name":"build-your-brand-sample-course","password":"","permalink":"https:\/\/coursemakerpro.local\/course\/build-your-brand-sample-course\/","ping_status":"closed","prerequisite":0,"prerequisite_track":0,"sales_page_content_page_id":0,"sales_page_content_type":"none","sales_page_content_url":"","sections":[{"_extras":{"blocks":[],"images":[]},"author":{"description":"","email":"ronalfy@gmail.com","first_name":"","id":6,"last_name":""},"comment_status":"closed","content":"","custom":[],"date":"2022-02-14 08:59:02","date_gmt":"2022-02-14 16:59:02","excerpt":"","id":1045,"lessons":[{"_extras":{"blocks":[],"images":[]},"audio_embed":"","author":{"description":"This is a brief bio description about brandiD","email":"tech@thebrandid.com","first_name":"Test","id":1,"last_name":"User"},"comment_status":"closed","content":"<!-- wp:paragraph -->\n<p>Determine your core values to help setup your personal brand.<\/p>\n<!-- \/wp:paragraph -->\n\n<!-- wp:paragraph -->\n<p>Lorem ipsum dolor sit amet, consectetur adipiscing elit. Proin et magna ut ex accumsan laoreet. Fusce euismod malesuada nisi ac pellentesque. In eget tincidunt tellus. Orci varius natoque penatibus et magnis dis parturient montes, nascetur ridiculus mus. Suspendisse egestas tellus ligula, a dictum orci ornare a. Nulla vulputate vitae est in convallis. Maecenas ante lectus, congue sit amet orci eget, mollis pharetra quam. Fusce ullamcorper eget sapien ut sagittis. Proin feugiat augue erat, ut vulputate lectus vulputate eu. Cras a ipsum consequat, dictum turpis quis, pretium nunc.<\/p>\n<!-- \/wp:paragraph -->\n\n<!-- wp:paragraph -->\n<p>Curabitur id facilisis enim. Nulla luctus ex in tortor iaculis hendrerit. Praesent pretium malesuada nunc, eu iaculis arcu posuere ac. Nulla vel odio eleifend, accumsan massa vitae, cursus lectus. Phasellus a eleifend erat. Praesent pharetra diam sed diam vestibulum, vitae eleifend purus accumsan. Sed suscipit ac elit sit amet gravida. Nunc condimentum non ex eu consectetur. Interdum et malesuada fames ac ante ipsum primis in faucibus. Duis id augue dictum, rhoncus libero vitae, cursus ante. Vestibulum ut euismod felis. Morbi blandit libero nec tortor mollis pellentesque. Sed tincidunt ullamcorper sem ac sagittis. Lorem ipsum dolor sit amet, consectetur adipiscing elit. Phasellus ullamcorper, erat at fringilla volutpat, eros elit condimentum ligula, at lacinia sapien turpis in sapien.<\/p>\n<!-- \/wp:paragraph -->\n\n<!-- wp:paragraph -->\n<p>Nulla et velit eu turpis placerat egestas. Proin ac purus enim. Sed diam dui, ultrices in nunc in, scelerisque placerat nunc. Integer dolor tortor, gravida vitae dui vitae, feugiat lacinia lacus. Vivamus ultrices non urna quis accumsan. Mauris dignissim, lectus nec tempus dignissim, magna quam tincidunt ante, sed facilisis mi eros ac turpis. Nunc sit amet arcu eget sem auctor ultrices. Integer in libero et massa scelerisque dictum eu a eros.<\/p>\n<!-- \/wp:paragraph -->\n\n<!-- wp:llms\/lesson-progression \/-->\n\n<!-- wp:llms\/lesson-navigation \/-->","custom":{"inline_featured_image":["0"],"_llms_blocks_migrated":["yes"],"_llms_reviews_enabled":[""],"_llms_display_reviews":[""],"_llms_num_reviews":["0"],"_llms_multiple_reviews_disabled":[""],"_thumbnail_id":["682"]},"date":"2019-10-01 16:31:14","date_available":"","date_gmt":"2019-10-01 23:31:14","days_before_available":0,"drip_method":"","excerpt":"Determine your core values to help setup your personal brand.","featured_image":"https:\/\/coursemakerpro.local\/wp-content\/uploads\/2019\/10\/BMBCourse-Lesson1-CoreValues.jpg","free_lesson":"no","has_prerequisite":"no","id":672,"menu_order":0,"modified":"2019-10-01 17:03:23","modified_gmt":"2019-10-02 00:03:23","name":"what-are-your-core-values","order":1,"parent_course":670,"parent_section":1045,"password":"","permalink":"https:\/\/coursemakerpro.local\/lesson\/what-are-your-core-values\/","ping_status":"closed","points":1,"prerequisite":0,"quiz":{"_extras":{"blocks":[],"images":[]},"allowed_attempts":5,"author":{"description":"","email":"ronalfy@gmail.com","first_name":"","id":6,"last_name":""},"comment_status":"closed","content":"","custom":[],"date":"2022-02-10 15:38:32","date_gmt":"2022-02-10 23:38:32","excerpt":"","id":1035,"lesson_id":672,"limit_attempts":"yes","limit_time":"no","menu_order":0,"modified":"2022-02-10 15:38:32","modified_gmt":"2022-02-10 23:38:32","name":"what-are-your-core-values-quiz","passing_percent":65,"password":"","permalink":"https:\/\/coursemakerpro.local\/quiz\/what-are-your-core-values-quiz\/","ping_status":"closed","questions":[{"_extras":{"blocks":[],"images":[]},"choices":[{"id":"6205a1923ce9e","choice":"","choice_type":"text","correct":true,"marker":"A","question_id":"1036","type":"choice"},{"id":"6205a1923e2c4","choice":"","choice_type":"text","correct":false,"marker":"B","question_id":"1036","type":"choice"}],"clarifications":"","clarifications_enabled":"no","comment_status":"closed","content":"","date_gmt":"2022-02-10 23:36:50","description_enabled":"no","id":1036,"image":[],"menu_order":1,"modified_gmt":"2022-02-10 23:36:50","multi_choices":"no","name":"1036","parent_id":1035,"password":"","ping_status":"closed","points":1,"question":"","question_type":"choice","title":"","type":"llms_question","video_enabled":"no","video_src":""},{"_extras":{"blocks":[],"images":[]},"choices":[{"id":"6205a1a14af33","choice":"","choice_type":"text","correct":true,"marker":"A","question_id":"1037","type":"choice"},{"id":"6205a1a14c2f9","choice":"","choice_type":"text","correct":false,"marker":"B","question_id":"1037","type":"choice"}],"clarifications":"","clarifications_enabled":"no","comment_status":"closed","content":"","date_gmt":"2022-02-10 23:37:05","description_enabled":"no","id":1037,"image":[],"menu_order":2,"modified_gmt":"2022-02-10 23:37:05","multi_choices":"no","name":"1037","parent_id":1035,"password":"","ping_status":"closed","points":1,"question":"","question_type":"choice","title":"","type":"llms_question","video_enabled":"no","video_src":""},{"_extras":{"blocks":[],"images":[]},"choices":[{"id":"6205a1a7dd0b9","choice":"","choice_type":"image","correct":true,"marker":"A","question_id":"1038","type":"choice"},{"id":"6205a1a7de2ce","choice":"","choice_type":"image","correct":false,"marker":"B","question_id":"1038","type":"choice"}],"clarifications":"","clarifications_enabled":"no","comment_status":"closed","content":"","date_gmt":"2022-02-10 23:37:11","description_enabled":"no","id":1038,"image":[],"menu_order":3,"modified_gmt":"2022-02-10 23:37:11","multi_choices":"no","name":"1038","parent_id":1035,"password":"","ping_status":"closed","points":1,"question":"","question_type":"picture_choice","title":"","type":"llms_question","video_enabled":"no","video_src":""},{"_extras":{"blocks":[],"images":[]},"choices":[{"id":"6205a1f829ff7","choice":"","choice_type":"image","correct":true,"marker":"A","question_id":"1039","type":"choice"},{"id":"6205a1f82b806","choice":"","choice_type":"image","correct":false,"marker":"B","question_id":"1039","type":"choice"}],"clarifications":"","clarifications_enabled":"no","comment_status":"closed","content":"","date_gmt":"2022-02-10 23:38:32","description_enabled":"no","id":1039,"image":[],"menu_order":4,"modified_gmt":"2022-02-10 23:38:32","multi_choices":"no","name":"1039","parent_id":1035,"password":"","ping_status":"closed","points":1,"question":"","question_type":"picture_choice","title":"","type":"llms_question","video_enabled":"no","video_src":""},{"_extras":{"blocks":[],"images":[]},"choices":[{"id":"6205a206eab59","choice":"","choice_type":"text","correct":true,"marker":"A","question_id":"1040","type":"choice"},{"id":"6205a206ec62a","choice":"","choice_type":"text","correct":false,"marker":"B","question_id":"1040","type":"choice"}],"clarifications":"","clarifications_enabled":"no","comment_status":"closed","content":"","date_gmt":"2022-02-10 23:38:46","description_enabled":"no","id":1040,"image":{"enabled":"no","id":"","size":"full","src":""},"menu_order":5,"modified_gmt":"2022-02-10 23:38:46","multi_choices":"no","name":"1040","parent_id":1035,"password":"","ping_status":"closed","points":1,"question":"","question_type":"choice","title":"","type":"llms_question","video_enabled":"no","video_src":""}],"random_questions":"no","show_correct_answer":"no","status":"publish","time_limit":30,"title":"What Are Your Core Values? Quiz","type":"llms_quiz"},"quiz_enabled":"yes","require_assignment_passing_grade":"yes","require_passing_grade":"yes","status":"publish","time_available":"","title":"What Are Your Core Values?","type":"lesson","video_embed":""},{"_extras":{"blocks":[],"images":[]},"audio_embed":"","author":{"description":"This is a brief bio description about brandiD","email":"tech@thebrandid.com","first_name":"Test","id":1,"last_name":"User"},"comment_status":"closed","content":"<!-- wp:paragraph -->\n<p>See how others perceive you as a brand, and understand your brand's unique strengths.<\/p>\n<!-- \/wp:paragraph -->\n\n<!-- wp:paragraph -->\n<p>Lorem ipsum dolor sit amet, consectetur adipiscing elit. Quisque elementum eget quam eu ullamcorper. Integer rhoncus tristique maximus. Donec a tempor nulla. Sed suscipit felis eget massa posuere, ut suscipit neque convallis. Maecenas posuere volutpat urna tempor sollicitudin. Phasellus ac tortor vehicula turpis laoreet facilisis. Cras varius tempus lacus, nec hendrerit mauris viverra at. Vivamus hendrerit sollicitudin justo interdum pellentesque. Curabitur nec mollis nunc. Suspendisse potenti. Nam congue vestibulum volutpat. Mauris at auctor lectus. Integer dignissim turpis sed venenatis fringilla. Ut pellentesque, felis vel dictum rutrum, dolor leo fringilla purus, id tristique odio est sed ex. Donec pretium in libero ac pulvinar. Fusce convallis, purus sed convallis commodo, mauris nisl ultrices arcu, eu ornare turpis metus vel libero.<\/p>\n<!-- \/wp:paragraph -->\n\n<!-- wp:paragraph -->\n<p>Interdum et malesuada fames ac ante ipsum primis in faucibus. Fusce imperdiet sem sagittis ligula ultricies dignissim. Vestibulum sed quam in elit rhoncus sodales. Cras bibendum, mi non vestibulum semper, nunc erat ultricies lorem, a convallis nibh mi et erat. Aenean scelerisque nulla vitae est pulvinar blandit. Morbi et dapibus purus. In tincidunt ex vel mi consequat ornare. Aliquam at lorem sagittis, condimentum urna et, laoreet lacus. Curabitur hendrerit hendrerit lorem sit amet commodo. Praesent molestie dui turpis, at condimentum velit consectetur vitae. Integer non congue sapien, dapibus dignissim ante. Aenean porta, ex a accumsan porta, nisl urna placerat felis, quis placerat risus nunc eu quam. Donec non rhoncus tellus. Pellentesque ut mollis leo. Morbi euismod sagittis odio, ut porttitor lacus elementum ut. Proin sodales laoreet magna, sed elementum justo fermentum id.<\/p>\n<!-- \/wp:paragraph -->\n\n<!-- wp:paragraph -->\n<p>Maecenas nec varius felis. Pellentesque vel est lobortis, posuere purus in, scelerisque ipsum. Phasellus mattis, elit ac pulvinar pulvinar, leo sem feugiat nisi, vitae lobortis magna purus nec turpis. Phasellus vel ipsum id dolor suscipit mattis. Sed nibh erat, imperdiet efficitur eleifend vitae, aliquam aliquet lorem. Vestibulum lectus lacus, congue ut ipsum ut, maximus pharetra urna. Proin blandit, tortor sed maximus semper, justo odio dictum sapien, sed elementum arcu risus ac augue. Nulla eu purus rhoncus, cursus metus eget, mattis metus. Proin dignissim turpis a arcu fermentum, laoreet luctus est feugiat. Nam ac fringilla urna. Pellentesque sapien felis, sodales ac iaculis sit amet, vulputate sit amet quam.<\/p>\n<!-- \/wp:paragraph -->\n\n<!-- wp:llms\/lesson-progression \/-->\n\n<!-- wp:llms\/lesson-navigation \/-->","custom":{"inline_featured_image":["0"],"_llms_blocks_migrated":["yes"],"_llms_reviews_enabled":[""],"_llms_display_reviews":[""],"_llms_num_reviews":["0"],"_llms_multiple_reviews_disabled":[""],"_thumbnail_id":["683"]},"date":"2019-10-01 16:31:14","date_available":"","date_gmt":"2019-10-01 23:31:14","days_before_available":0,"drip_method":"","excerpt":"See how others perceive you as a brand, and understand your brand's unique strengths.","featured_image":"https:\/\/coursemakerpro.local\/wp-content\/uploads\/2019\/10\/BMBCourse-Lesson2-WhatDoOthersThink.jpg","free_lesson":"no","has_prerequisite":"no","id":673,"menu_order":0,"modified":"2019-10-01 17:10:19","modified_gmt":"2019-10-02 00:10:19","name":"what-do-others-think-about-you","order":2,"parent_course":670,"parent_section":1045,"password":"","permalink":"https:\/\/coursemakerpro.local\/lesson\/what-do-others-think-about-you\/","ping_status":"closed","points":1,"prerequisite":0,"quiz":{"_extras":{"blocks":[],"images":[]},"allowed_attempts":5,"author":{"description":"","email":"ronalfy@gmail.com","first_name":"","id":6,"last_name":""},"comment_status":"closed","content":"<p>This is the quiz Introduction<\/p>","custom":[],"date":"2022-02-10 15:35:25","date_gmt":"2022-02-10 23:35:25","excerpt":"","id":1030,"lesson_id":673,"limit_attempts":"no","limit_time":"no","menu_order":0,"modified":"2022-02-10 15:35:25","modified_gmt":"2022-02-10 23:35:25","name":"what-do-others-think-about-you-quiz","passing_percent":65,"password":"","permalink":"https:\/\/coursemakerpro.local\/quiz\/what-do-others-think-about-you-quiz\/","ping_status":"closed","questions":[{"_extras":{"blocks":[],"images":[]},"choices":[{"id":"6205a11e3efc7","choice":"","choice_type":"text","correct":true,"marker":"A","question_id":"1031","type":"choice"},{"id":"6205a11e407a3","choice":"","choice_type":"text","correct":false,"marker":"B","question_id":"1031","type":"choice"}],"clarifications":"","clarifications_enabled":"no","comment_status":"closed","content":"","date_gmt":"2022-02-10 23:34:54","description_enabled":"no","id":1031,"image":[],"menu_order":1,"modified_gmt":"2022-02-10 23:34:54","multi_choices":"no","name":"1031","parent_id":1030,"password":"","ping_status":"closed","points":1,"question":"","question_type":"choice","title":"","type":"llms_question","video_enabled":"no","video_src":""},{"_extras":{"blocks":[],"images":[]},"choices":[{"id":"6205a11e47d9c","choice":"","choice_type":"text","correct":true,"marker":"A","question_id":"1032","type":"choice"},{"id":"6205a11e4920b","choice":"","choice_type":"text","correct":false,"marker":"B","question_id":"1032","type":"choice"}],"clarifications":"","clarifications_enabled":"no","comment_status":"closed","content":"","date_gmt":"2022-02-10 23:34:54","description_enabled":"no","id":1032,"image":[],"menu_order":2,"modified_gmt":"2022-02-10 23:34:54","multi_choices":"no","name":"1032","parent_id":1030,"password":"","ping_status":"closed","points":1,"question":"","question_type":"choice","title":"","type":"llms_question","video_enabled":"no","video_src":""},{"_extras":{"blocks":[],"images":[]},"choices":[{"id":"6205a12d3a3da","choice":"True","choice_type":"text","correct":true,"marker":"A","question_id":"1033","type":"choice"},{"id":"6205a12d3b855","choice":"False","choice_type":"text","correct":false,"marker":"B","question_id":"1033","type":"choice"}],"clarifications":"","clarifications_enabled":"no","comment_status":"closed","content":"","date_gmt":"2022-02-10 23:35:09","description_enabled":"no","id":1033,"image":[],"menu_order":3,"modified_gmt":"2022-02-10 23:35:09","multi_choices":"no","name":"1033","parent_id":1030,"password":"","ping_status":"closed","points":1,"question":"","question_type":"true_false","title":"","type":"llms_question","video_enabled":"no","video_src":""},{"_extras":{"blocks":[],"images":[]},"choices":[{"id":"6205a14b2db82","choice":"","choice_type":"text","correct":true,"marker":"A","question_id":"1034","type":"choice"},{"id":"6205a14b2ee27","choice":"","choice_type":"text","correct":false,"marker":"B","question_id":"1034","type":"choice"}],"clarifications":"","clarifications_enabled":"no","comment_status":"closed","content":"","date_gmt":"2022-02-10 23:35:39","description_enabled":"no","id":1034,"image":[],"menu_order":4,"modified_gmt":"2022-02-10 23:35:39","multi_choices":"no","name":"1034","parent_id":1030,"password":"","ping_status":"closed","points":1,"question":"","question_type":"choice","title":"","type":"llms_question","video_enabled":"no","video_src":""}],"random_questions":"no","show_correct_answer":"no","status":"publish","time_limit":30,"title":"What Do Others Think About You? Quiz","type":"llms_quiz"},"quiz_enabled":"yes","require_assignment_passing_grade":"yes","require_passing_grade":"yes","status":"publish","time_available":"","title":"What Do Others Think About You?","type":"lesson","video_embed":""},{"_extras":{"blocks":[],"images":[]},"audio_embed":"","author":{"description":"This is a brief bio description about brandiD","email":"tech@thebrandid.com","first_name":"Test","id":1,"last_name":"User"},"comment_status":"closed","content":"<!-- wp:paragraph -->\n<p>Identify and embrace your differences and use them to your professional advantage.<\/p>\n<!-- \/wp:paragraph -->\n\n<!-- wp:paragraph -->\n<p>Lorem ipsum dolor sit amet, consectetur adipiscing elit. Sed vitae tellus odio. Pellentesque sem ex, fringilla et odio at, finibus laoreet leo. Pellentesque suscipit lorem in mauris ullamcorper porttitor. Morbi pulvinar ut sapien nec congue. Vestibulum ante ipsum primis in faucibus orci luctus et ultrices posuere cubilia Curae; Integer dignissim risus sed ipsum ullamcorper, non fringilla ante vestibulum. Suspendisse ultricies viverra dictum. Ut hendrerit blandit neque, convallis accumsan enim tincidunt eget. Duis a lobortis nibh. Ut feugiat porttitor purus ac luctus. Pellentesque ac dui at ex bibendum posuere.<\/p>\n<!-- \/wp:paragraph -->\n\n<!-- wp:paragraph -->\n<p>Nullam suscipit ullamcorper ipsum, id varius nisl placerat sit amet. Lorem ipsum dolor sit amet, consectetur adipiscing elit. Duis sollicitudin magna eu porta tincidunt. Aliquam vel mattis sapien. Vivamus posuere sem eget pharetra sagittis. Sed blandit quam vel molestie finibus. Mauris lobortis, ex quis feugiat dictum, ligula nisi molestie sem, id vehicula ante lacus a neque. Praesent aliquet orci efficitur faucibus congue. Maecenas eget lectus sed augue rutrum varius. Integer sed massa nec lorem consectetur hendrerit et et lorem. Sed et ante id purus congue consectetur. Phasellus dolor turpis, pulvinar sit amet pretium in, consectetur eget dui. Sed eget neque dignissim libero congue iaculis vitae eu ligula. Fusce ac nunc quis sem tincidunt laoreet in in odio. In hac habitasse platea dictumst. Quisque congue sem est, vitae rutrum tortor cursus non.<\/p>\n<!-- \/wp:paragraph -->\n\n<!-- wp:paragraph -->\n<p>Pellentesque dapibus elementum massa, id porttitor risus tincidunt vitae. In eget nibh maximus, suscipit tortor sit amet, feugiat est. Duis sit amet convallis nulla. Quisque ut eros sagittis, eleifend urna vel, sagittis est. Fusce mattis ipsum et ornare eleifend. Sed rhoncus magna sit amet aliquam bibendum. Nulla facilisi. Nunc gravida condimentum felis et aliquet. Maecenas sit amet dictum neque, sed luctus justo. Quisque tristique sagittis elit non dignissim.<\/p>\n<!-- \/wp:paragraph -->\n\n<!-- wp:llms\/lesson-progression \/-->\n\n<!-- wp:llms\/lesson-navigation \/-->","custom":{"inline_featured_image":["0"],"_llms_blocks_migrated":["yes"],"_llms_reviews_enabled":[""],"_llms_display_reviews":[""],"_llms_num_reviews":["0"],"_llms_multiple_reviews_disabled":[""],"_thumbnail_id":["685"]},"date":"2019-10-01 16:31:29","date_available":"","date_gmt":"2019-10-01 23:31:29","days_before_available":0,"drip_method":"","excerpt":"Identify and embrace your differences and use them to your professional advantage.","featured_image":"https:\/\/coursemakerpro.local\/wp-content\/uploads\/2019\/10\/BMBCourse-Lesson4-FreakFactor.jpg","free_lesson":"no","has_prerequisite":"no","id":675,"menu_order":0,"modified":"2019-10-01 17:19:02","modified_gmt":"2019-10-02 00:19:02","name":"celebrate-your-freak-factor","order":3,"parent_course":670,"parent_section":1045,"password":"","permalink":"https:\/\/coursemakerpro.local\/lesson\/celebrate-your-freak-factor\/","ping_status":"closed","points":1,"prerequisite":0,"quiz":0,"quiz_enabled":"no","require_assignment_passing_grade":"yes","require_passing_grade":"yes","status":"publish","time_available":"","title":"Celebrate Your Freak Factor","type":"lesson","video_embed":""}],"menu_order":0,"modified":"2022-02-14 09:03:22","modified_gmt":"2022-02-14 17:03:22","name":"1045","order":1,"parent_course":670,"password":"","ping_status":"closed","status":"publish","title":"Getting Started","type":"section"},{"_extras":{"blocks":[],"images":[]},"author":{"description":"This is a brief bio description about brandiD","email":"tech@thebrandid.com","first_name":"Test","id":1,"last_name":"User"},"comment_status":"closed","content":"","custom":[],"date":"2019-10-01 16:30:59","date_gmt":"2019-10-01 23:30:59","excerpt":"","id":671,"lessons":[{"_extras":{"blocks":[],"images":[]},"audio_embed":"","author":{"description":"This is a brief bio description about brandiD","email":"tech@thebrandid.com","first_name":"Test","id":1,"last_name":"User"},"comment_status":"closed","content":"<!-- wp:paragraph -->\n<p>Define what you call \"success\" so you can focus on getting the results you want.<\/p>\n<!-- \/wp:paragraph -->\n\n<!-- wp:paragraph -->\n<p>Lorem ipsum dolor sit amet, consectetur adipiscing elit. Donec ante dolor, ullamcorper vitae velit nec, sollicitudin bibendum nisi. Suspendisse potenti. Donec nec nunc nec felis tincidunt tincidunt eu nec ante. Fusce ut sapien orci. Pellentesque vel odio sit amet mauris fermentum faucibus. Quisque fermentum gravida sapien a condimentum. Orci varius natoque penatibus et magnis dis parturient montes, nascetur ridiculus mus. Vestibulum fermentum, erat vel luctus tincidunt, felis quam molestie tortor, et auctor nulla mauris quis purus. Aenean id bibendum nisi. Phasellus ut velit vel sem accumsan cursus vitae quis ex. Nullam varius convallis porta. Morbi efficitur ante viverra turpis sodales, rhoncus aliquam eros aliquam. Nulla tortor dolor, imperdiet quis magna vitae, congue condimentum nunc. Nunc vitae orci sit amet lorem congue vestibulum. Fusce facilisis nulla et diam hendrerit porta. Ut ut ex enim.<\/p>\n<!-- \/wp:paragraph -->\n\n<!-- wp:paragraph -->\n<p>Etiam ac urna id odio mattis commodo. Sed purus purus, aliquet at tortor at, dictum sodales nisi. Phasellus faucibus sed sem vitae varius. Nunc mauris mi, aliquet et arcu vitae, ultricies scelerisque libero. Cras at maximus felis. Vestibulum non sem mauris. Curabitur sed diam ac massa elementum sodales. Etiam in urna pretium, viverra nulla eget, rhoncus velit. Integer consequat augue et tellus pretium, a maximus sapien accumsan. Pellentesque ut porttitor nisl, sit amet tempor libero. Nam suscipit erat mauris, eget porta est lacinia eget. In metus tellus, hendrerit et tellus non, scelerisque accumsan urna. Cras a nulla condimentum, volutpat nisi sed, faucibus tellus. Sed efficitur auctor elit, vitae fermentum diam tempor et. Duis sit amet arcu in nisi tincidunt imperdiet.<\/p>\n<!-- \/wp:paragraph -->\n\n<!-- wp:paragraph -->\n<p>Aliquam hendrerit arcu id urna commodo, ac volutpat nibh pharetra. Proin ornare ex sapien, at iaculis nulla aliquet at. Suspendisse vulputate massa eget euismod mattis. Etiam id purus dolor. Nulla facilisi. Mauris placerat neque vitae lacinia bibendum. Morbi maximus id velit at tincidunt. Nam scelerisque finibus tellus, vitae posuere quam ullamcorper non. Integer vitae sapien a orci aliquam ullamcorper. Pellentesque ligula nisi, aliquet id turpis eu, consequat consectetur justo. Sed suscipit feugiat quam eget ultricies.<\/p>\n<!-- \/wp:paragraph -->\n\n<!-- wp:llms\/lesson-progression \/-->\n\n<!-- wp:llms\/lesson-navigation \/-->","custom":{"inline_featured_image":["0"],"_llms_blocks_migrated":["yes"],"_llms_reviews_enabled":[""],"_llms_display_reviews":[""],"_llms_num_reviews":["0"],"_llms_multiple_reviews_disabled":[""],"_thumbnail_id":["686"]},"date":"2019-10-01 16:31:29","date_available":"","date_gmt":"2019-10-01 23:31:29","days_before_available":0,"drip_method":"","excerpt":"Define what you call \"success\" so you can focus on getting the results you want.","featured_image":"https:\/\/coursemakerpro.local\/wp-content\/uploads\/2019\/10\/BMBCourse-Lesson5-Success.jpg","free_lesson":"no","has_prerequisite":"no","id":676,"menu_order":0,"modified":"2019-10-01 17:23:28","modified_gmt":"2019-10-02 00:23:28","name":"how-do-you-define-success","order":1,"parent_course":670,"parent_section":671,"password":"","permalink":"https:\/\/coursemakerpro.local\/lesson\/how-do-you-define-success\/","ping_status":"closed","points":1,"prerequisite":0,"quiz":0,"quiz_enabled":"no","require_assignment_passing_grade":"yes","require_passing_grade":"yes","status":"publish","time_available":"","title":"How Do You Define Success?","type":"lesson","video_embed":""},{"_extras":{"blocks":[],"images":[]},"audio_embed":"","author":{"description":"This is a brief bio description about brandiD","email":"tech@thebrandid.com","first_name":"Test","id":1,"last_name":"User"},"comment_status":"closed","content":"<!-- wp:paragraph -->\n<p>An exercise to help you determine your brand's point of view.<\/p>\n<!-- \/wp:paragraph -->\n\n<!-- wp:paragraph -->\n<p>Lorem ipsum dolor sit amet, consectetur adipiscing elit. Praesent semper cursus molestie. Fusce congue a leo ac pulvinar. Donec volutpat lectus quis odio ultricies molestie. Integer lectus orci, condimentum at pharetra non, scelerisque at felis. Mauris ligula enim, posuere congue magna vel, imperdiet ultrices augue. Vestibulum non nunc ac nisl egestas mattis ac non lacus. Nulla eu posuere elit. Curabitur mollis elit nisi, in dictum nibh dignissim vitae. Interdum et malesuada fames ac ante ipsum primis in faucibus. Vestibulum ante ipsum primis in faucibus orci luctus et ultrices posuere cubilia Curae; Aenean sed leo non tortor venenatis bibendum eu vitae lectus. Nam sodales, mi sit amet dapibus placerat, diam risus luctus sapien, ac scelerisque nisl ipsum in nisi. Nam in lectus ut metus consectetur congue. Nunc aliquet lorem et purus pretium venenatis. Ut tempor condimentum nisl non suscipit. Donec ligula risus, tincidunt eu neque eu, imperdiet hendrerit lacus.<\/p>\n<!-- \/wp:paragraph -->\n\n<!-- wp:paragraph -->\n<p>In sit amet pellentesque risus, at rhoncus augue. Etiam ut commodo metus. Nam fringilla vestibulum erat, et iaculis dolor venenatis sed. Duis faucibus placerat orci, vel sollicitudin augue malesuada eget. Suspendisse vitae blandit augue. Vivamus mi purus, tempus mattis faucibus ac, dignissim ut felis. Donec venenatis erat ut imperdiet eleifend. In consectetur sagittis quam, vel facilisis massa rhoncus nec. Curabitur ex nisi, tempus sed dignissim in, molestie at sem. Suspendisse potenti. Interdum et malesuada fames ac ante ipsum primis in faucibus.<\/p>\n<!-- \/wp:paragraph -->\n\n<!-- wp:paragraph -->\n<p>Mauris congue augue id dapibus ultrices. Duis mattis vehicula euismod. Sed auctor ante et massa ornare efficitur. Sed feugiat ac orci eu suscipit. Maecenas id diam quis erat tempor tempus. Integer in purus sit amet mauris accumsan lacinia vitae ac quam. Aenean urna dolor, finibus a libero at, blandit ullamcorper ipsum.<\/p>\n<!-- \/wp:paragraph -->\n\n<!-- wp:llms\/lesson-progression \/-->\n\n<!-- wp:llms\/lesson-navigation \/-->","custom":{"inline_featured_image":["0"],"_llms_blocks_migrated":["yes"],"_llms_reviews_enabled":[""],"_llms_display_reviews":[""],"_llms_num_reviews":["0"],"_llms_multiple_reviews_disabled":[""],"_thumbnail_id":["687"]},"date":"2019-10-01 16:31:29","date_available":"","date_gmt":"2019-10-01 23:31:29","days_before_available":0,"drip_method":"","excerpt":"An exercise to help you determine your brand's point of view.","featured_image":"https:\/\/coursemakerpro.local\/wp-content\/uploads\/2019\/10\/BMBCourse-Lesson6-PointOfView.jpg","free_lesson":"no","has_prerequisite":"no","id":677,"menu_order":0,"modified":"2019-10-01 17:28:04","modified_gmt":"2019-10-02 00:28:04","name":"what-are-your-points-of-view","order":2,"parent_course":670,"parent_section":671,"password":"","permalink":"https:\/\/coursemakerpro.local\/lesson\/what-are-your-points-of-view\/","ping_status":"closed","points":1,"prerequisite":0,"quiz":0,"quiz_enabled":"no","require_assignment_passing_grade":"yes","require_passing_grade":"yes","status":"publish","time_available":"","title":"What Are Your Points of View?","type":"lesson","video_embed":""}],"menu_order":0,"modified":"2022-02-14 09:03:22","modified_gmt":"2022-02-14 17:03:22","name":"671","order":2,"parent_course":670,"password":"","ping_status":"closed","status":"publish","title":"Lesson Plan","type":"section"},{"_extras":{"blocks":[],"images":[]},"author":{"description":"","email":"ronalfy@gmail.com","first_name":"","id":6,"last_name":""},"comment_status":"closed","content":"","custom":[],"date":"2022-02-14 09:04:23","date_gmt":"2022-02-14 17:04:23","excerpt":"","id":1046,"lessons":[{"_extras":{"blocks":[],"images":[]},"audio_embed":"","author":{"description":"This is a brief bio description about brandiD","email":"tech@thebrandid.com","first_name":"Test","id":1,"last_name":"User"},"comment_status":"closed","content":"<!-- wp:paragraph -->\n<p>Compile the results of all previous lessons to determine your brand's Identity Profile.<\/p>\n<!-- \/wp:paragraph -->\n\n<!-- wp:paragraph -->\n<p>Lorem ipsum dolor sit amet, consectetur adipiscing elit. Etiam ligula diam, cursus at est sed, scelerisque condimentum neque. Lorem ipsum dolor sit amet, consectetur adipiscing elit. Sed accumsan ac lectus eu placerat. Maecenas ultricies imperdiet dui, varius tristique enim suscipit et. Nulla placerat ac est id placerat. Donec sollicitudin volutpat ex ac bibendum. Ut malesuada nisi ac tortor semper, quis malesuada nisi interdum.<\/p>\n<!-- \/wp:paragraph -->\n\n<!-- wp:paragraph -->\n<p>Aenean tincidunt posuere dapibus. Proin vitae finibus nisi. Suspendisse eros dolor, pharetra vitae interdum et, tincidunt vel enim. Mauris et nisl metus. Suspendisse dictum dolor in lectus pellentesque congue. Praesent auctor cursus urna, eget vehicula urna maximus in. Nam vitae metus dapibus lacus tempor volutpat nec id erat. Phasellus blandit sapien velit, non suscipit felis dapibus sit amet. Praesent eros tellus, blandit at pellentesque id, auctor ut elit.<\/p>\n<!-- \/wp:paragraph -->\n\n<!-- wp:paragraph -->\n<p>Suspendisse accumsan nisl ut suscipit tincidunt. Nunc convallis quam eu odio tincidunt maximus. Nam eu leo iaculis magna sodales faucibus id eu nisl. Mauris sit amet tortor sed sem scelerisque euismod et id lorem. Aenean blandit lobortis rutrum. Morbi porttitor ligula in felis aliquam sollicitudin. Sed eu felis id lorem consectetur pharetra nec eget purus. Phasellus maximus at leo quis tristique. Vivamus tristique metus arcu, vitae feugiat lacus tincidunt a. Nulla pellentesque, quam nec dignissim mollis, leo justo bibendum dolor, vitae mollis nulla urna quis massa.<\/p>\n<!-- \/wp:paragraph -->\n\n<!-- wp:paragraph -->\n<p> <\/p>\n<!-- \/wp:paragraph -->\n\n<!-- wp:llms\/lesson-progression \/-->\n\n<!-- wp:llms\/lesson-navigation \/-->","custom":{"inline_featured_image":["0"],"_wp_old_slug":["new-lesson"],"_llms_blocks_migrated":["yes"],"_llms_reviews_enabled":[""],"_llms_display_reviews":[""],"_llms_num_reviews":["0"],"_llms_multiple_reviews_disabled":[""],"_thumbnail_id":["688"]},"date":"2019-10-01 16:31:29","date_available":"","date_gmt":"2019-10-01 23:31:29","days_before_available":0,"drip_method":"","excerpt":"Compile the results of all previous lessons to determine your brand's Identity Profile.","featured_image":"https:\/\/coursemakerpro.local\/wp-content\/uploads\/2019\/10\/BMBCourse-Lesson7-PuttingItAllTogether.jpg","free_lesson":"no","has_prerequisite":"no","id":678,"menu_order":0,"modified":"2019-10-01 17:35:28","modified_gmt":"2019-10-02 00:35:28","name":"putting-it-all-together","order":1,"parent_course":670,"parent_section":1046,"password":"","permalink":"https:\/\/coursemakerpro.local\/lesson\/putting-it-all-together\/","ping_status":"closed","points":1,"prerequisite":0,"quiz":0,"quiz_enabled":"no","require_assignment_passing_grade":"yes","require_passing_grade":"yes","status":"publish","time_available":"","title":"Putting It All Together","type":"lesson","video_embed":""}],"menu_order":0,"modified":"2022-02-14 09:05:07","modified_gmt":"2022-02-14 17:05:07","name":"1046","order":3,"parent_course":670,"password":"","ping_status":"closed","status":"publish","title":"Conclusion","type":"section"}],"start_date":"","status":"publish","tags":["Personal Branding"],"tile_featured_video":"no","time_period":"no","title":"Build Your Brand Sample Course","tracks":["Sample Course Track"],"type":"course","video_embed":""}