{"_generator":"LifterLMS/SingleCourseExporter","_version":"3.19.2","access_plans":[{"access_expiration":"lifetime","access_expires":"","access_length":0,"access_period":"","availability":"open","availability_restrictions":[],"content":"","date":"2019-12-01 01:23:45","enroll_text":"","excerpt":"","frequency":0,"id":22222,"is_free":"yes","length":0,"menu_order":1,"modified":"2019-12-02 01:23:45","name":"start-today","on_sale":"no","period":"","price":0,"product_id":22224,"sale_end":"","sale_price":0,"sale_start":"","sku":"","status":"publish","title":"Start Today!","trial_length":0,"trial_offer":"no","trial_period":"","trial_price":0,"type":"llms_access_plan"}],"audio_embed":"","average_grade":97.06,"average_progress":31.91,"capacity":0,"capacity_message":"Enrollment has closed because the maximum number of allowed students has been reached.","categories":["Beginner","Featured"],"content":"This is an example Course built to show how the LifterLMS system works.","content_restricted_message":"You must enroll in this course to access course content.","course_closed_message":"This course closed on [lifterlms_course_info id=\"22224\" key=\"end_date\"].","course_opens_message":"This course opens on [lifterlms_course_info id=\"22224\" key=\"start_date\"].","custom":{"_llms_post_course_difficulty":[""],"_thumbnail_id":["15"],"_llms_reviews_enabled":[""],"_llms_display_reviews":[""],"_llms_num_reviews":[""],"_llms_multiple_reviews_disabled":[""],"wpf-settings":["a:5:{s:8:\"redirect\";s:0:\"\";s:12:\"redirect_url\";s:0:\"\";s:11:\"apply_delay\";s:1:\"0\";s:16:\"apply_tags_start\";a:1:{i:0;s:31:\"[Lead Magnet] Quickstart Course\";}s:12:\"lock_content\";i:0;}"],"course_options":[""],"launchpad_course_excerpt":[""],"layout_options":[""],"launchpad_page_menu":["default"],"launchpad_hide_page_title":["no"],"launchpad_hide_page_header":["no"],"launchpad_hide_page_footer_widgets":["no"],"launchpad_default_layout":["content_sidebar"],"launchpad_header_content":[""],"_wp_old_slug":["quickstart"]},"date":"2019-12-01 02:23:45","difficulty":"","enable_capacity":"no","end_date":"","enrollment_closed_message":"Enrollment in this course closed on [lifterlms_course_info id=\"22224\" key=\"enrollment_end_date\"].","enrollment_end_date":"","enrollment_opens_message":"Enrollment in this course opens on [lifterlms_course_info id=\"22224\" key=\"enrollment_start_date\"].","enrollment_period":"no","enrollment_start_date":"","excerpt":"","featured_image":"https://demo.coursemakerpro.thebrandid.com/wp-content/uploads/2019/10/buildyourbrand_course_logo.png","has_prerequisite":"no","id":22224,"length":"1 Day","menu_order":0,"modified":"2019-12-02 02:23:45","name":"build-your-brand-sample-course","permalink":"https://demo.coursemakerpro.thebrandid.com/course/build-your-brand-sample-course/","prerequisite":0,"prerequisite_track":0,"sections":[{"content":"","custom":[],"date":"2019-12-02 04:23:45","excerpt":"","id":22225,"lessons":[{"audio_embed":"","content":"Determine your core values to help setup your personal brand.\r\n\r\nLorem ipsum dolor sit amet, consectetur adipiscing elit. Proin et magna ut ex accumsan laoreet. Fusce euismod malesuada nisi ac pellentesque. In eget tincidunt tellus. Orci varius natoque penatibus et magnis dis parturient montes, nascetur ridiculus mus. Suspendisse egestas tellus ligula, a dictum orci ornare a. Nulla vulputate vitae est in convallis. Maecenas ante lectus, congue sit amet orci eget, mollis pharetra quam. Fusce ullamcorper eget sapien ut sagittis. Proin feugiat augue erat, ut vulputate lectus vulputate eu. Cras a ipsum consequat, dictum turpis quis, pretium nunc.\r\n\r\nCurabitur id facilisis enim. Nulla luctus ex in tortor iaculis hendrerit. Praesent pretium malesuada nunc, eu iaculis arcu posuere ac. Nulla vel odio eleifend, accumsan massa vitae, cursus lectus. Phasellus a eleifend erat. Praesent pharetra diam sed diam vestibulum, vitae eleifend purus accumsan. Sed suscipit ac elit sit amet gravida. Nunc condimentum non ex eu consectetur. Interdum et malesuada fames ac ante ipsum primis in faucibus. Duis id augue dictum, rhoncus libero vitae, cursus ante. Vestibulum ut euismod felis. Morbi blandit libero nec tortor mollis pellentesque. Sed tincidunt ullamcorper sem ac sagittis. Lorem ipsum dolor sit amet, consectetur adipiscing elit. Phasellus ullamcorper, erat at fringilla volutpat, eros elit condimentum ligula, at lacinia sapien turpis in sapien.\r\n\r\nNulla et velit eu turpis placerat egestas. Proin ac purus enim. Sed diam dui, ultrices in nunc in, scelerisque placerat nunc. Integer dolor tortor, gravida vitae dui vitae, feugiat lacinia lacus. Vivamus ultrices non urna quis accumsan. Mauris dignissim, lectus nec tempus dignissim, magna quam tincidunt ante, sed facilisis mi eros ac turpis. Nunc sit amet arcu eget sem auctor ultrices. Integer in libero et massa scelerisque dictum eu a eros.","custom":{"_llms_reviews_enabled":[""],"_llms_display_reviews":[""],"_llms_num_reviews":["0"],"_llms_multiple_reviews_disabled":[""],"wpf-settings":["a:4:{s:8:\"redirect\";s:0:\"\";s:12:\"redirect_url\";s:0:\"\";s:11:\"apply_delay\";s:1:\"0\";s:12:\"lock_content\";i:0;}"],"course_options":[""],"launchpad_course_excerpt":[""],"layout_options":[""],"launchpad_page_menu":["default"],"launchpad_hide_page_title":["no"],"launchpad_hide_page_header":["no"],"launchpad_hide_page_footer_widgets":["no"],"launchpad_default_layout":["content_sidebar"],"launchpad_header_content":[""],"_oembed_c7e5bb94e874c6bc9c7c977abbfb35cf":["<iframe src=\"https://fast.wistia.net/embed/iframe/4qjy28kpxt?dnt=1\" title=\"Wistia video player\" allowtransparency=\"true\" frameborder=\"0\" scrolling=\"no\" class=\"wistia_embed\" name=\"wistia_embed\" allowfullscreen mozallowfullscreen webkitallowfullscreen oallowfullscreen msallowfullscreen width=\"913\" height=\"514\"></iframe><script src=\"https://fast.wistia.net/assets/external/E-v1.js\" async></script>"],"_oembed_time_c7e5bb94e874c6bc9c7c977abbfb35cf":["1527711098"],"_oembed_e633bc50189f258c5857c8e31040d532":["<iframe src=\"https://fast.wistia.net/embed/iframe/4qjy28kpxt?dnt=1\" title=\"Wistia video player\" allowtransparency=\"true\" frameborder=\"0\" scrolling=\"no\" class=\"wistia_embed\" name=\"wistia_embed\" allowfullscreen mozallowfullscreen webkitallowfullscreen oallowfullscreen msallowfullscreen width=\"500\" height=\"281\"></iframe><script src=\"https://fast.wistia.net/assets/external/E-v1.js\" async></script>"],"_oembed_time_e633bc50189f258c5857c8e31040d532":["1527711102"],"_oembed_c0dd352283a9d274e3674a92ad07d3be":["<iframe src=\"https://fast.wistia.net/embed/iframe/4qjy28kpxt?dnt=1\" title=\"Wistia video player\" allowtransparency=\"true\" frameborder=\"0\" scrolling=\"no\" class=\"wistia_embed\" name=\"wistia_embed\" allowfullscreen mozallowfullscreen webkitallowfullscreen oallowfullscreen msallowfullscreen width=\"917\" height=\"516\"></iframe><script src=\"https://fast.wistia.net/assets/external/E-v1.js\" async></script>"],"_oembed_time_c0dd352283a9d274e3674a92ad07d3be":["1527711102"],"_oembed_8c6bbc5dab46fadb93337487368f26af":["<iframe src=\"https://fast.wistia.net/embed/iframe/4qjy28kpxt?dnt=1\" title=\"Wistia video player\" allowtransparency=\"true\" frameborder=\"0\" scrolling=\"no\" class=\"wistia_embed\" name=\"wistia_embed\" allowfullscreen mozallowfullscreen webkitallowfullscreen oallowfullscreen msallowfullscreen width=\"960\" height=\"540\"></iframe><script src=\"https://fast.wistia.net/assets/external/E-v1.js\" async></script>"],"_oembed_time_8c6bbc5dab46fadb93337487368f26af":["1527711110"]},"date":"2019-12-02 19:28:33","date_available":"","days_before_available":0,"drip_method":"","excerpt":"Determine your core values to help setup your personal brand.","featured_image":"https://demo.coursemakerpro.thebrandid.com/wp-content/uploads/2019/10/BMBCourse-Lesson1-CoreValues.jpg","free_lesson":"no","has_prerequisite":"no","id":22227,"menu_order":0,"modified":"2019-12-02 21:40:21","name":"what-are-your-core-values","order":1,"parent_course":22224,"parent_section":22225,"permalink":"https://demo.coursemakerpro.thebrandid.com/lesson/what-are-your-core-values/","prerequisite":0,"quiz":0,"quiz_enabled":"no","require_assignment_passing_grade":"yes","require_passing_grade":"yes","status":"publish","time_available":"","title":"What Are Your Core Values?","type":"lesson","video_embed":""},{"audio_embed":"","content":"See how others perceive you as a brand, and understand your brand's unique strengths.\r\n\r\nLorem ipsum dolor sit amet, consectetur adipiscing elit. Quisque elementum eget quam eu ullamcorper. Integer rhoncus tristique maximus. Donec a tempor nulla. Sed suscipit felis eget massa posuere, ut suscipit neque convallis. Maecenas posuere volutpat urna tempor sollicitudin. Phasellus ac tortor vehicula turpis laoreet facilisis. Cras varius tempus lacus, nec hendrerit mauris viverra at. Vivamus hendrerit sollicitudin justo interdum pellentesque. Curabitur nec mollis nunc. Suspendisse potenti. Nam congue vestibulum volutpat. Mauris at auctor lectus. Integer dignissim turpis sed venenatis fringilla. Ut pellentesque, felis vel dictum rutrum, dolor leo fringilla purus, id tristique odio est sed ex. Donec pretium in libero ac pulvinar. Fusce convallis, purus sed convallis commodo, mauris nisl ultrices arcu, eu ornare turpis metus vel libero.\r\n\r\nInterdum et malesuada fames ac ante ipsum primis in faucibus. Fusce imperdiet sem sagittis ligula ultricies dignissim. Vestibulum sed quam in elit rhoncus sodales. Cras bibendum, mi non vestibulum semper, nunc erat ultricies lorem, a convallis nibh mi et erat. Aenean scelerisque nulla vitae est pulvinar blandit. Morbi et dapibus purus. In tincidunt ex vel mi consequat ornare. Aliquam at lorem sagittis, condimentum urna et, laoreet lacus. Curabitur hendrerit hendrerit lorem sit amet commodo. Praesent molestie dui turpis, at condimentum velit consectetur vitae. Integer non congue sapien, dapibus dignissim ante. Aenean porta, ex a accumsan porta, nisl urna placerat felis, quis placerat risus nunc eu quam. Donec non rhoncus tellus. Pellentesque ut mollis leo. Morbi euismod sagittis odio, ut porttitor lacus elementum ut. Proin sodales laoreet magna, sed elementum justo fermentum id.","custom":{"_wp_old_slug":["new-lesson"],"_llms_reviews_enabled":[""],"_llms_display_reviews":[""],"_llms_num_reviews":["0"],"_llms_multiple_reviews_disabled":[""],"wpf-settings":["a:4:{s:8:\"redirect\";s:0:\"\";s:12:\"redirect_url\";s:0:\"\";s:11:\"apply_delay\";s:1:\"0\";s:12:\"lock_content\";i:0;}"],"course_options":[""],"launchpad_course_excerpt":[""],"layout_options":[""],"launchpad_page_menu":["default"],"launchpad_hide_page_title":["no"],"launchpad_hide_page_header":["no"],"launchpad_hide_page_footer_widgets":["no"],"launchpad_default_layout":["content_sidebar"],"launchpad_header_content":[""],"_oembed_8ad4bd3b2b6627019c1cc1eb450a5194":["<iframe src=\"https://fast.wistia.net/embed/iframe/7sc31ss6nl?dnt=1\" title=\"Wistia video player\" allowtransparency=\"true\" frameborder=\"0\" scrolling=\"no\" class=\"wistia_embed\" name=\"wistia_embed\" allowfullscreen mozallowfullscreen webkitallowfullscreen oallowfullscreen msallowfullscreen width=\"913\" height=\"514\"></iframe><script src=\"https://fast.wistia.net/assets/external/E-v1.js\" async></script>"],"_oembed_time_8ad4bd3b2b6627019c1cc1eb450a5194":["1527711297"],"_oembed_d6ce31fe2a1566d525e2ba50ed9582ed":["<iframe src=\"https://fast.wistia.net/embed/iframe/7sc31ss6nl?dnt=1\" title=\"Wistia video player\" allowtransparency=\"true\" frameborder=\"0\" scrolling=\"no\" class=\"wistia_embed\" name=\"wistia_embed\" allowfullscreen mozallowfullscreen webkitallowfullscreen oallowfullscreen msallowfullscreen width=\"500\" height=\"281\"></iframe><script src=\"https://fast.wistia.net/assets/external/E-v1.js\" async></script>"],"_oembed_time_d6ce31fe2a1566d525e2ba50ed9582ed":["1527711302"],"_oembed_0d28ffc30e47d94fcb8aa83a625d8159":["<iframe src=\"https://fast.wistia.net/embed/iframe/7sc31ss6nl?dnt=1\" title=\"Wistia video player\" allowtransparency=\"true\" frameborder=\"0\" scrolling=\"no\" class=\"wistia_embed\" name=\"wistia_embed\" allowfullscreen mozallowfullscreen webkitallowfullscreen oallowfullscreen msallowfullscreen width=\"917\" height=\"516\"></iframe><script src=\"https://fast.wistia.net/assets/external/E-v1.js\" async></script>"],"_oembed_time_0d28ffc30e47d94fcb8aa83a625d8159":["1527711302"],"_oembed_750f664c28ced4bab272eb9470afc484":["<iframe src=\"https://fast.wistia.net/embed/iframe/7sc31ss6nl?dnt=1\" title=\"Wistia video player\" allowtransparency=\"true\" frameborder=\"0\" scrolling=\"no\" class=\"wistia_embed\" name=\"wistia_embed\" allowfullscreen mozallowfullscreen webkitallowfullscreen oallowfullscreen msallowfullscreen width=\"960\" height=\"540\"></iframe><script src=\"https://fast.wistia.net/assets/external/E-v1.js\" async></script>"],"_oembed_time_750f664c28ced4bab272eb9470afc484":["1527711304"]},"date":"2019-12-02 19:28:33","date_available":"","days_before_available":0,"drip_method":"","excerpt":"See how others perceive you as a brand, and understand your brand's unique strengths.","featured_image":"https://demo.coursemakerpro.thebrandid.com/wp-content/uploads/2019/10/BMBCourse-Lesson2-WhatDoOthersThink.jpg","free_lesson":"no","has_prerequisite":"no","id":22228,"menu_order":0,"modified":"2019-12-02 21:20:50","name":"what-do-others-think-about-you","order":2,"parent_course":22224,"parent_section":22225,"permalink":"https://demo.coursemakerpro.thebrandid.com/lesson/what-do-others-think-about-you/","prerequisite":0,"quiz":0,"quiz_enabled":"no","require_assignment_passing_grade":"yes","require_passing_grade":"yes","status":"publish","time_available":"","title":"What Do Others Think About You?","type":"lesson","video_embed":""},{"audio_embed":"","content":"Find out how to empower yourself to use your talents, strengths and passions for a win-win situation.\r\n\r\nLorem ipsum dolor sit amet, consectetur adipiscing elit. Donec faucibus id augue vel facilisis. Vivamus a rutrum nisi, sed porta dui. Fusce vel scelerisque ex. Integer ullamcorper vel nisi in luctus. Aenean sed sem nec dui dictum sagittis. Nulla non mi rhoncus, vehicula libero at, interdum lacus. Donec gravida vestibulum ligula, at varius lorem euismod ut. In mauris leo, scelerisque quis molestie ac, ullamcorper ac augue. Class aptent taciti sociosqu ad litora torquent per conubia nostra, per inceptos himenaeos. Nullam faucibus lectus sem, eget porttitor erat fermentum a. Duis vestibulum dapibus aliquet. Nulla facilisi. Ut consequat, eros in facilisis aliquam, est magna aliquam mauris, quis pharetra diam enim et erat.\r\n\r\nDonec sit amet ligula vulputate, ullamcorper orci eget, dictum tortor. Nullam at gravida eros, eu sagittis dolor. Morbi elementum justo lacus, vel maximus nisl lobortis eu. Donec scelerisque luctus velit, at aliquet augue condimentum nec. Morbi nec nisi finibus, sagittis velit et, aliquam lorem. Orci varius natoque penatibus et magnis dis parturient montes, nascetur ridiculus mus. Maecenas vulputate sodales mi id sagittis. Cras mattis pulvinar luctus. Vestibulum ut lacus eget lectus gravida tincidunt eget molestie nisl. Aenean id condimentum leo. In in magna lobortis, finibus lacus sed, lacinia odio. Ut suscipit et metus at placerat.\r\n\r\nVivamus euismod semper malesuada. Vivamus fermentum mauris vestibulum, pretium eros vel, mattis lorem. Integer blandit dui non ipsum finibus facilisis. Aliquam diam tortor, tempor in lacinia et, tincidunt vel tortor. In hac habitasse platea dictumst. Nunc gravida metus augue, vitae ullamcorper odio elementum sit amet. Aenean laoreet porta ligula, et consectetur ante lobortis eu. Nulla facilisi. Sed eget fringilla metus. Praesent et turpis vitae quam posuere condimentum ut at odio. Aenean finibus bibendum ex.","custom":{"_wp_old_slug":["new-lesson"],"_llms_reviews_enabled":[""],"_llms_display_reviews":[""],"_llms_num_reviews":["0"],"_llms_multiple_reviews_disabled":[""],"wpf-settings":["a:4:{s:8:\"redirect\";s:0:\"\";s:12:\"redirect_url\";s:0:\"\";s:11:\"apply_delay\";s:1:\"0\";s:12:\"lock_content\";i:0;}"],"course_options":[""],"launchpad_course_excerpt":[""],"layout_options":[""],"launchpad_page_menu":["default"],"launchpad_hide_page_title":["no"],"launchpad_hide_page_header":["no"],"launchpad_hide_page_footer_widgets":["no"],"launchpad_default_layout":["content_sidebar"],"launchpad_header_content":[""],"_oembed_8e90d298064263c4eae4c2af0aff4fbe":["<iframe src=\"https://fast.wistia.net/embed/iframe/0fzc5vkyhd?dnt=1\" title=\"Wistia video player\" allowtransparency=\"true\" frameborder=\"0\" scrolling=\"no\" class=\"wistia_embed\" name=\"wistia_embed\" allowfullscreen mozallowfullscreen webkitallowfullscreen oallowfullscreen msallowfullscreen width=\"913\" height=\"514\"></iframe><script src=\"https://fast.wistia.net/assets/external/E-v1.js\" async></script>"],"_oembed_time_8e90d298064263c4eae4c2af0aff4fbe":["1527711415"],"_oembed_9c7903575c94f1288f7541216509067f":["<iframe src=\"https://fast.wistia.net/embed/iframe/0fzc5vkyhd?dnt=1\" title=\"Wistia video player\" allowtransparency=\"true\" frameborder=\"0\" scrolling=\"no\" class=\"wistia_embed\" name=\"wistia_embed\" allowfullscreen mozallowfullscreen webkitallowfullscreen oallowfullscreen msallowfullscreen width=\"500\" height=\"281\"></iframe><script src=\"https://fast.wistia.net/assets/external/E-v1.js\" async></script>"],"_oembed_time_9c7903575c94f1288f7541216509067f":["1527711420"],"_oembed_c360a8539c42981791dd0a2af35394d8":["<iframe src=\"https://fast.wistia.net/embed/iframe/0fzc5vkyhd?dnt=1\" title=\"Wistia video player\" allowtransparency=\"true\" frameborder=\"0\" scrolling=\"no\" class=\"wistia_embed\" name=\"wistia_embed\" allowfullscreen mozallowfullscreen webkitallowfullscreen oallowfullscreen msallowfullscreen width=\"917\" height=\"516\"></iframe><script src=\"https://fast.wistia.net/assets/external/E-v1.js\" async></script>"],"_oembed_time_c360a8539c42981791dd0a2af35394d8":["1527711420"],"_oembed_2e8db2a5c463c7c316b0fa3ec3f0c8a8":["<iframe src=\"https://fast.wistia.net/embed/iframe/0fzc5vkyhd?dnt=1\" title=\"Wistia video player\" allowtransparency=\"true\" frameborder=\"0\" scrolling=\"no\" class=\"wistia_embed\" name=\"wistia_embed\" allowfullscreen mozallowfullscreen webkitallowfullscreen oallowfullscreen msallowfullscreen width=\"960\" height=\"540\"></iframe><script src=\"https://fast.wistia.net/assets/external/E-v1.js\" async></script>"],"_oembed_time_2e8db2a5c463c7c316b0fa3ec3f0c8a8":["1527711422"]},"date":"2019-12-02 19:28:48","date_available":"","days_before_available":0,"drip_method":"","excerpt":"Find out how to empower yourself to use your talents, strengths and passions for a win-win situation.","featured_image":"https://demo.coursemakerpro.thebrandid.com/wp-content/uploads/2019/10/BMBCourse-Lesson3-TalentsStrenghtsPassions.jpg","free_lesson":"no","has_prerequisite":"no","id":22229,"menu_order":0,"modified":"2019-12-02 21:20:44","name":"talents-strengths-and-passions","order":3,"parent_course":22224,"parent_section":22225,"permalink":"https://demo.coursemakerpro.thebrandid.com/lesson/talents-strengths-and-passions/","prerequisite":0,"quiz":0,"quiz_enabled":"no","require_assignment_passing_grade":"yes","require_passing_grade":"yes","status":"publish","time_available":"","title":"Talents, Strengths and Passions","type":"lesson","video_embed":""},{"audio_embed":"","content":"Identify and embrace your differences and use them to your professional advantage.\r\n\r\nLorem ipsum dolor sit amet, consectetur adipiscing elit. Sed vitae tellus odio. Pellentesque sem ex, fringilla et odio at, finibus laoreet leo. Pellentesque suscipit lorem in mauris ullamcorper porttitor. Morbi pulvinar ut sapien nec congue. Vestibulum ante ipsum primis in faucibus orci luctus et ultrices posuere cubilia Curae; Integer dignissim risus sed ipsum ullamcorper, non fringilla ante vestibulum. Suspendisse ultricies viverra dictum. Ut hendrerit blandit neque, convallis accumsan enim tincidunt eget. Duis a lobortis nibh. Ut feugiat porttitor purus ac luctus. Pellentesque ac dui at ex bibendum posuere.\r\n\r\nNullam suscipit ullamcorper ipsum, id varius nisl placerat sit amet. Lorem ipsum dolor sit amet, consectetur adipiscing elit. Duis sollicitudin magna eu porta tincidunt. Aliquam vel mattis sapien. Vivamus posuere sem eget pharetra sagittis. Sed blandit quam vel molestie finibus. Mauris lobortis, ex quis feugiat dictum, ligula nisi molestie sem, id vehicula ante lacus a neque. Praesent aliquet orci efficitur faucibus congue. Maecenas eget lectus sed augue rutrum varius. Integer sed massa nec lorem consectetur hendrerit et et lorem. Sed et ante id purus congue consectetur. Phasellus dolor turpis, pulvinar sit amet pretium in, consectetur eget dui. Sed eget neque dignissim libero congue iaculis vitae eu ligula. Fusce ac nunc quis sem tincidunt laoreet in in odio. In hac habitasse platea dictumst. Quisque congue sem est, vitae rutrum tortor cursus non.","custom":{"_llms_reviews_enabled":[""],"_llms_display_reviews":[""],"_llms_num_reviews":["0"],"_llms_multiple_reviews_disabled":[""],"wpf-settings":["a:4:{s:8:\"redirect\";s:0:\"\";s:12:\"redirect_url\";s:0:\"\";s:11:\"apply_delay\";s:1:\"0\";s:12:\"lock_content\";i:0;}"],"course_options":[""],"launchpad_course_excerpt":[""],"layout_options":[""],"launchpad_page_menu":["default"],"launchpad_hide_page_title":["no"],"launchpad_hide_page_header":["no"],"launchpad_hide_page_footer_widgets":["no"],"launchpad_default_layout":["content_sidebar"],"launchpad_header_content":[""],"_oembed_ebf56e381d503b7de8e916f60a7f1342":["<iframe src=\"https://fast.wistia.net/embed/iframe/vz13l2v62a?dnt=1\" title=\"Wistia video player\" allowtransparency=\"true\" frameborder=\"0\" scrolling=\"no\" class=\"wistia_embed\" name=\"wistia_embed\" allowfullscreen mozallowfullscreen webkitallowfullscreen oallowfullscreen msallowfullscreen width=\"913\" height=\"514\"></iframe><script src=\"https://fast.wistia.net/assets/external/E-v1.js\" async></script>"],"_oembed_time_ebf56e381d503b7de8e916f60a7f1342":["1527711470"],"_oembed_27f7d01c9421f7fd044145cf9925d322":["<iframe src=\"https://fast.wistia.net/embed/iframe/vz13l2v62a?dnt=1\" title=\"Wistia video player\" allowtransparency=\"true\" frameborder=\"0\" scrolling=\"no\" class=\"wistia_embed\" name=\"wistia_embed\" allowfullscreen mozallowfullscreen webkitallowfullscreen oallowfullscreen msallowfullscreen width=\"500\" height=\"281\"></iframe><script src=\"https://fast.wistia.net/assets/external/E-v1.js\" async></script>"],"_oembed_time_27f7d01c9421f7fd044145cf9925d322":["1527711474"],"_oembed_7ed6047d662890cda52612ec48394737":["<iframe src=\"https://fast.wistia.net/embed/iframe/vz13l2v62a?dnt=1\" title=\"Wistia video player\" allowtransparency=\"true\" frameborder=\"0\" scrolling=\"no\" class=\"wistia_embed\" name=\"wistia_embed\" allowfullscreen mozallowfullscreen webkitallowfullscreen oallowfullscreen msallowfullscreen width=\"917\" height=\"516\"></iframe><script src=\"https://fast.wistia.net/assets/external/E-v1.js\" async></script>"],"_oembed_time_7ed6047d662890cda52612ec48394737":["1527711474"],"_oembed_58be520e55afee3b7cf7b82357098375":["<iframe src=\"https://fast.wistia.net/embed/iframe/vz13l2v62a?dnt=1\" title=\"Wistia video player\" allowtransparency=\"true\" frameborder=\"0\" scrolling=\"no\" class=\"wistia_embed\" name=\"wistia_embed\" allowfullscreen mozallowfullscreen webkitallowfullscreen oallowfullscreen msallowfullscreen width=\"960\" height=\"540\"></iframe><script src=\"https://fast.wistia.net/assets/external/E-v1.js\" async></script>"],"_oembed_time_58be520e55afee3b7cf7b82357098375":["1527711481"]},"date":"2019-12-02 19:29:48","date_available":"","days_before_available":0,"drip_method":"","excerpt":"Identify and embrace your differences and use them to your professional advantage.","featured_image":"https://demo.coursemakerpro.thebrandid.com/wp-content/uploads/2019/10/BMBCourse-Lesson4-FreakFactor.jpg","free_lesson":"no","has_prerequisite":"no","id":22250,"menu_order":0,"modified":"2019-12-02 21:20:37","name":"celebrate-your-freak-factor","order":4,"parent_course":22224,"parent_section":22225,"permalink":"https://demo.coursemakerpro.thebrandid.com/lesson/celebrate-your-freak-factor/","prerequisite":0,"quiz":0,"quiz_enabled":"no","require_assignment_passing_grade":"yes","require_passing_grade":"yes","status":"publish","time_available":"","title":"Celebrate Your Freak Factor","type":"lesson","video_embed":""},{"audio_embed":"","content":"Define what you call \"success\" so you can focus on getting the results you want.\r\n\r\nLorem ipsum dolor sit amet, consectetur adipiscing elit. Donec ante dolor, ullamcorper vitae velit nec, sollicitudin bibendum nisi. Suspendisse potenti. Donec nec nunc nec felis tincidunt tincidunt eu nec ante. Fusce ut sapien orci. Pellentesque vel odio sit amet mauris fermentum faucibus. Quisque fermentum gravida sapien a condimentum. Orci varius natoque penatibus et magnis dis parturient montes, nascetur ridiculus mus. Vestibulum fermentum, erat vel luctus tincidunt, felis quam molestie tortor, et auctor nulla mauris quis purus. Aenean id bibendum nisi. Phasellus ut velit vel sem accumsan cursus vitae quis ex. Nullam varius convallis porta. Morbi efficitur ante viverra turpis sodales, rhoncus aliquam eros aliquam. Nulla tortor dolor, imperdiet quis magna vitae, congue condimentum nunc. Nunc vitae orci sit amet lorem congue vestibulum. Fusce facilisis nulla et diam hendrerit porta. Ut ut ex enim.\r\n\r\nEtiam ac urna id odio mattis commodo. Sed purus purus, aliquet at tortor at, dictum sodales nisi. Phasellus faucibus sed sem vitae varius. Nunc mauris mi, aliquet et arcu vitae, ultricies scelerisque libero. Cras at maximus felis. Vestibulum non sem mauris. Curabitur sed diam ac massa elementum sodales. Etiam in urna pretium, viverra nulla eget, rhoncus velit. Integer consequat augue et tellus pretium, a maximus sapien accumsan. Pellentesque ut porttitor nisl, sit amet tempor libero. Nam suscipit erat mauris, eget porta est lacinia eget. In metus tellus, hendrerit et tellus non, scelerisque accumsan urna. Cras a nulla condimentum, volutpat nisi sed, faucibus tellus. Sed efficitur auctor elit, vitae fermentum diam tempor et. Duis sit amet arcu in nisi tincidunt imperdiet.","custom":{"_llms_reviews_enabled":[""],"_llms_display_reviews":[""],"_llms_num_reviews":["0"],"_llms_multiple_reviews_disabled":[""],"wpf-settings":["a:4:{s:8:\"redirect\";s:0:\"\";s:12:\"redirect_url\";s:0:\"\";s:11:\"apply_delay\";s:1:\"0\";s:12:\"lock_content\";i:0;}"],"course_options":[""],"launchpad_course_excerpt":[""],"layout_options":[""],"launchpad_page_menu":["default"],"launchpad_hide_page_title":["no"],"launchpad_hide_page_header":["no"],"launchpad_hide_page_footer_widgets":["no"],"launchpad_default_layout":["content_sidebar"],"launchpad_header_content":[""],"_oembed_e379f6ab69747dc43df76a66401f287e":["<iframe src=\"https://fast.wistia.net/embed/iframe/vj1m9wdh8u?dnt=1\" title=\"Wistia video player\" allowtransparency=\"true\" frameborder=\"0\" scrolling=\"no\" class=\"wistia_embed\" name=\"wistia_embed\" allowfullscreen mozallowfullscreen webkitallowfullscreen oallowfullscreen msallowfullscreen width=\"913\" height=\"514\"></iframe><script src=\"https://fast.wistia.net/assets/external/E-v1.js\" async></script>"],"_oembed_time_e379f6ab69747dc43df76a66401f287e":["1527711562"],"_oembed_90155347f51f18fc7458182f0177921b":["<iframe src=\"https://fast.wistia.net/embed/iframe/vj1m9wdh8u?dnt=1\" title=\"Wistia video player\" allowtransparency=\"true\" frameborder=\"0\" scrolling=\"no\" class=\"wistia_embed\" name=\"wistia_embed\" allowfullscreen mozallowfullscreen webkitallowfullscreen oallowfullscreen msallowfullscreen width=\"500\" height=\"281\"></iframe><script src=\"https://fast.wistia.net/assets/external/E-v1.js\" async></script>"],"_oembed_time_90155347f51f18fc7458182f0177921b":["1527711566"],"_oembed_d1307d6b07849595c947f6a6e010dbb8":["<iframe src=\"https://fast.wistia.net/embed/iframe/vj1m9wdh8u?dnt=1\" title=\"Wistia video player\" allowtransparency=\"true\" frameborder=\"0\" scrolling=\"no\" class=\"wistia_embed\" name=\"wistia_embed\" allowfullscreen mozallowfullscreen webkitallowfullscreen oallowfullscreen msallowfullscreen width=\"917\" height=\"516\"></iframe><script src=\"https://fast.wistia.net/assets/external/E-v1.js\" async></script>"],"_oembed_time_d1307d6b07849595c947f6a6e010dbb8":["1527711567"],"_oembed_d3aff4dc0ae1c3469295e8d54700081c":["<iframe src=\"https://fast.wistia.net/embed/iframe/vj1m9wdh8u?dnt=1\" title=\"Wistia video player\" allowtransparency=\"true\" frameborder=\"0\" scrolling=\"no\" class=\"wistia_embed\" name=\"wistia_embed\" allowfullscreen mozallowfullscreen webkitallowfullscreen oallowfullscreen msallowfullscreen width=\"960\" height=\"540\"></iframe><script src=\"https://fast.wistia.net/assets/external/E-v1.js\" async></script>"],"_oembed_time_d3aff4dc0ae1c3469295e8d54700081c":["1527714939"]},"date":"2019-12-02 19:30:03","date_available":"","days_before_available":0,"drip_method":"","excerpt":"Define what you call \"success\" so you can focus on getting the results you want.","featured_image":"https://demo.coursemakerpro.thebrandid.com/wp-content/uploads/2019/10/BMBCourse-Lesson5-Success.jpg","free_lesson":"no","has_prerequisite":"no","id":22251,"menu_order":0,"modified":"2019-12-02 21:20:29","name":"how-do-you-define-success","order":5,"parent_course":22224,"parent_section":22225,"permalink":"https://demo.coursemakerpro.thebrandid.com/lesson/how-do-you-define-success/","prerequisite":0,"quiz":0,"quiz_enabled":"no","require_assignment_passing_grade":"yes","require_passing_grade":"yes","status":"publish","time_available":"","title":"How Do You Define Success?","type":"lesson","video_embed":""},{"audio_embed":"","content":"An exercise to help you determine your brand's point of view.\r\n\r\nLorem ipsum dolor sit amet, consectetur adipiscing elit. Praesent semper cursus molestie. Fusce congue a leo ac pulvinar. Donec volutpat lectus quis odio ultricies molestie. Integer lectus orci, condimentum at pharetra non, scelerisque at felis. Mauris ligula enim, posuere congue magna vel, imperdiet ultrices augue. Vestibulum non nunc ac nisl egestas mattis ac non lacus. Nulla eu posuere elit. Curabitur mollis elit nisi, in dictum nibh dignissim vitae. Interdum et malesuada fames ac ante ipsum primis in faucibus. Vestibulum ante ipsum primis in faucibus orci luctus et ultrices posuere cubilia Curae; Aenean sed leo non tortor venenatis bibendum eu vitae lectus. Nam sodales, mi sit amet dapibus placerat, diam risus luctus sapien, ac scelerisque nisl ipsum in nisi. Nam in lectus ut metus consectetur congue. Nunc aliquet lorem et purus pretium venenatis. Ut tempor condimentum nisl non suscipit. Donec ligula risus, tincidunt eu neque eu, imperdiet hendrerit lacus.\r\n\r\nIn sit amet pellentesque risus, at rhoncus augue. Etiam ut commodo metus. Nam fringilla vestibulum erat, et iaculis dolor venenatis sed. Duis faucibus placerat orci, vel sollicitudin augue malesuada eget. Suspendisse vitae blandit augue. Vivamus mi purus, tempus mattis faucibus ac, dignissim ut felis. Donec venenatis erat ut imperdiet eleifend. In consectetur sagittis quam, vel facilisis massa rhoncus nec. Curabitur ex nisi, tempus sed dignissim in, molestie at sem. Suspendisse potenti. Interdum et malesuada fames ac ante ipsum primis in faucibus.","custom":{"_wp_old_slug":["new-lesson"],"_llms_reviews_enabled":[""],"_llms_display_reviews":[""],"_llms_num_reviews":["0"],"_llms_multiple_reviews_disabled":[""],"wpf-settings":["a:4:{s:8:\"redirect\";s:0:\"\";s:12:\"redirect_url\";s:0:\"\";s:11:\"apply_delay\";s:1:\"0\";s:12:\"lock_content\";i:0;}"],"course_options":[""],"launchpad_course_excerpt":[""],"layout_options":[""],"launchpad_page_menu":["default"],"launchpad_hide_page_title":["no"],"launchpad_hide_page_header":["no"],"launchpad_hide_page_footer_widgets":["no"],"launchpad_default_layout":["content_sidebar"],"launchpad_header_content":[""],"_oembed_2c7d2a6d0f183b7cd0c1000487266324":["<iframe src=\"https://fast.wistia.net/embed/iframe/mkw34nl1nh?dnt=1\" title=\"Wistia video player\" allowtransparency=\"true\" frameborder=\"0\" scrolling=\"no\" class=\"wistia_embed\" name=\"wistia_embed\" allowfullscreen mozallowfullscreen webkitallowfullscreen oallowfullscreen msallowfullscreen width=\"913\" height=\"514\"></iframe><script src=\"https://fast.wistia.net/assets/external/E-v1.js\" async></script>"],"_oembed_time_2c7d2a6d0f183b7cd0c1000487266324":["1527711584"],"_oembed_723e2f15d4ff136af3352aae1de5f674":["<iframe src=\"https://fast.wistia.net/embed/iframe/mkw34nl1nh?dnt=1\" title=\"Wistia video player\" allowtransparency=\"true\" frameborder=\"0\" scrolling=\"no\" class=\"wistia_embed\" name=\"wistia_embed\" allowfullscreen mozallowfullscreen webkitallowfullscreen oallowfullscreen msallowfullscreen width=\"500\" height=\"281\"></iframe><script src=\"https://fast.wistia.net/assets/external/E-v1.js\" async></script>"],"_oembed_time_723e2f15d4ff136af3352aae1de5f674":["1527711588"],"_oembed_624fe81250288f35a7f32133ed298b7f":["<iframe src=\"https://fast.wistia.net/embed/iframe/mkw34nl1nh?dnt=1\" title=\"Wistia video player\" allowtransparency=\"true\" frameborder=\"0\" scrolling=\"no\" class=\"wistia_embed\" name=\"wistia_embed\" allowfullscreen mozallowfullscreen webkitallowfullscreen oallowfullscreen msallowfullscreen width=\"917\" height=\"516\"></iframe><script src=\"https://fast.wistia.net/assets/external/E-v1.js\" async></script>"],"_oembed_time_624fe81250288f35a7f32133ed298b7f":["1527711588"],"_oembed_cd641591ffbcb81c6a926c58e2e2aa6b":["<iframe src=\"https://fast.wistia.net/embed/iframe/mkw34nl1nh?dnt=1\" title=\"Wistia video player\" allowtransparency=\"true\" frameborder=\"0\" scrolling=\"no\" class=\"wistia_embed\" name=\"wistia_embed\" allowfullscreen mozallowfullscreen webkitallowfullscreen oallowfullscreen msallowfullscreen width=\"960\" height=\"540\"></iframe><script src=\"https://fast.wistia.net/assets/external/E-v1.js\" async></script>"],"_oembed_time_cd641591ffbcb81c6a926c58e2e2aa6b":["1527714942"]},"date":"2019-12-02 19:30:18","date_available":"","days_before_available":0,"drip_method":"","excerpt":"An exercise to help you determine your brand's point of view.","featured_image":"https://demo.coursemakerpro.thebrandid.com/wp-content/uploads/2019/10/BMBCourse-Lesson6-PointOfView.jpg","free_lesson":"no","has_prerequisite":"no","id":22253,"menu_order":0,"modified":"2019-12-02 21:40:45","name":"what-are-your-points-of-view","order":6,"parent_course":22224,"parent_section":22252,"permalink":"https://demo.coursemakerpro.thebrandid.com/lesson/what-are-your-points-of-view/","prerequisite":0,"quiz":0,"quiz_enabled":"no","require_assignment_passing_grade":"yes","require_passing_grade":"yes","status":"publish","time_available":"","title":"What Are Your Points of View?","type":"lesson","video_embed":""},{"audio_embed":"","content":"Compile the results of all previous lessons to determine your brand’s Identity Profile.\r\n\r\nLorem ipsum dolor sit amet, consectetur adipiscing elit. Etiam ligula diam, cursus at est sed, scelerisque condimentum neque. Lorem ipsum dolor sit amet, consectetur adipiscing elit. Sed accumsan ac lectus eu placerat. Maecenas ultricies imperdiet dui, varius tristique enim suscipit et. Nulla placerat ac est id placerat. Donec sollicitudin volutpat ex ac bibendum. Ut malesuada nisi ac tortor semper, quis malesuada nisi interdum.\r\n\r\nAenean tincidunt posuere dapibus. Proin vitae finibus nisi. Suspendisse eros dolor, pharetra vitae interdum et, tincidunt vel enim. Mauris et nisl metus. Suspendisse dictum dolor in lectus pellentesque congue. Praesent auctor cursus urna, eget vehicula urna maximus in. Nam vitae metus dapibus lacus tempor volutpat nec id erat. Phasellus blandit sapien velit, non suscipit felis dapibus sit amet. Praesent eros tellus, blandit at pellentesque id, auctor ut elit.","custom":{"_llms_reviews_enabled":[""],"_llms_display_reviews":[""],"_llms_num_reviews":["0"],"_llms_multiple_reviews_disabled":[""],"wpf-settings":["a:4:{s:8:\"redirect\";s:0:\"\";s:12:\"redirect_url\";s:0:\"\";s:11:\"apply_delay\";s:1:\"0\";s:12:\"lock_content\";i:0;}"],"course_options":[""],"launchpad_course_excerpt":[""],"layout_options":[""],"launchpad_page_menu":["default"],"launchpad_hide_page_title":["no"],"launchpad_hide_page_header":["no"],"launchpad_hide_page_footer_widgets":["no"],"launchpad_default_layout":["content_sidebar"],"launchpad_header_content":[""],"_oembed_c9afd0aab5b1cfd811205e9f17e6a6aa":["<iframe src=\"https://fast.wistia.net/embed/iframe/1qbwsplmil?dnt=1\" title=\"Wistia video player\" allowtransparency=\"true\" frameborder=\"0\" scrolling=\"no\" class=\"wistia_embed\" name=\"wistia_embed\" allowfullscreen mozallowfullscreen webkitallowfullscreen oallowfullscreen msallowfullscreen width=\"913\" height=\"514\"></iframe><script src=\"https://fast.wistia.net/assets/external/E-v1.js\" async></script>"],"_oembed_time_c9afd0aab5b1cfd811205e9f17e6a6aa":["1527711609"],"_oembed_6e979f8ec0251a8e542feafcd75607ad":["<iframe src=\"https://fast.wistia.net/embed/iframe/1qbwsplmil?dnt=1\" title=\"Wistia video player\" allowtransparency=\"true\" frameborder=\"0\" scrolling=\"no\" class=\"wistia_embed\" name=\"wistia_embed\" allowfullscreen mozallowfullscreen webkitallowfullscreen oallowfullscreen msallowfullscreen width=\"500\" height=\"281\"></iframe><script src=\"https://fast.wistia.net/assets/external/E-v1.js\" async></script>"],"_oembed_time_6e979f8ec0251a8e542feafcd75607ad":["1527711612"],"_oembed_fe5a9ab2ce2e95b23fc044ea45f32ed9":["<iframe src=\"https://fast.wistia.net/embed/iframe/1qbwsplmil?dnt=1\" title=\"Wistia video player\" allowtransparency=\"true\" frameborder=\"0\" scrolling=\"no\" class=\"wistia_embed\" name=\"wistia_embed\" allowfullscreen mozallowfullscreen webkitallowfullscreen oallowfullscreen msallowfullscreen width=\"917\" height=\"516\"></iframe><script src=\"https://fast.wistia.net/assets/external/E-v1.js\" async></script>"],"_oembed_time_fe5a9ab2ce2e95b23fc044ea45f32ed9":["1527711612"],"_oembed_2c5dc29bef7f4485c95219ece97e4eb4":["<iframe src=\"https://fast.wistia.net/embed/iframe/1qbwsplmil?dnt=1\" title=\"Wistia video player\" allowtransparency=\"true\" frameborder=\"0\" scrolling=\"no\" class=\"wistia_embed\" name=\"wistia_embed\" allowfullscreen mozallowfullscreen webkitallowfullscreen oallowfullscreen msallowfullscreen width=\"960\" height=\"540\"></iframe><script src=\"https://fast.wistia.net/assets/external/E-v1.js\" async></script>"],"_oembed_time_2c5dc29bef7f4485c95219ece97e4eb4":["1527714943"]},"date":"2019-12-02 19:31:18","date_available":"","days_before_available":0,"drip_method":"","excerpt":"Compile the results of all previous lessons to determine your brand’s Identity Profile.","featured_image":"https://demo.coursemakerpro.thebrandid.com/wp-content/uploads/2019/10/BMBCourse-Lesson7-PuttingItAllTogether.jpg","free_lesson":"no","has_prerequisite":"no","id":22254,"menu_order":0,"modified":"2019-12-02 21:20:15","name":"putting-it-all-together","order":7,"parent_course":22224,"parent_section":22252,"permalink":"https://demo.coursemakerpro.thebrandid.com/lesson/putting-it-all-together/","prerequisite":0,"quiz":0,"quiz_enabled":"no","require_assignment_passing_grade":"yes","require_passing_grade":"yes","status":"publish","time_available":"","title":"Putting It All Together","type":"lesson","video_embed":""}],"menu_order":0,"modified":"2019-12-02 19:28:33","name":"22225","order":1,"parent_course":22224,"status":"publish","title":"Sample Lessons","type":"section"}],"start_date":"","status":"publish","tags":["branding"],"temp_calc_data":{"students":100,"progress":3123.03,"quizzes":21,"grade":2100},"tile_featured_video":"no","time_period":"no","title":"Build Your Brand Sample Course","tracks":["Sample Course"],"type":"course","video_embed":""}
